,City,Lat,Lng,Max Temp,Humidity,Cloudiness,wind Speed,Country,Date
0,Esperance,-33.8667,121.9,51.64,58,0,13.42,AU,1632184808
1,San Patricio,28.017,-97.5169,90.01,67,0,12.1,US,1632184999
2,Barrow,71.2906,-156.7887,33.82,64,90,14.97,US,1632184999
3,Nome,64.5011,-165.4064,37.47,65,90,16.11,US,1632185000
4,Miandrivazo,-19.5167,45.4667,73.29,75,95,3.96,MG,1632185000
5,Busselton,-33.65,115.3333,59.2,55,0,11.59,AU,1632185001
6,Homa Bay,-0.5273,34.4571,67.68,77,40,4.38,KE,1632185001
7,Port Hardy,50.6996,-127.4199,57.38,82,75,10.36,CA,1632185001
8,Serrana,-21.2114,-47.5956,87.75,29,26,1.52,BR,1632185002
9,Punta Arenas,-53.15,-70.9167,51.91,66,75,17.27,CL,1632184926
10,Vao,-22.6667,167.4833,70.45,65,85,16.82,NC,1632185003
11,Tuktoyaktuk,69.4541,-133.0374,39.2,93,90,13.8,CA,1632185003
12,Port Alfred,-33.5906,26.891,59.27,57,97,24.83,ZA,1632185003
13,Cape Town,-33.9258,18.4232,52.21,76,20,9.22,ZA,1632184724
14,Camargo,27.6667,-105.1667,85.71,23,75,3.83,MX,1632185004
15,Mar del Plata,-38.0023,-57.5575,47.93,78,0,14.18,AR,1632184709
16,Coyhaique,-45.5752,-72.0662,44.55,70,0,4.61,CL,1632185005
17,Cidreira,-30.1811,-50.2056,67.32,97,97,2.77,BR,1632184822
18,Rikitea,-23.1203,-134.9692,73.99,76,15,11.61,PF,1632184705
19,Mataura,-46.1927,168.8643,52.59,77,100,4.59,NZ,1632185006
20,Maragogi,-9.0122,-35.2225,73.99,75,18,6.44,BR,1632184942
21,Upernavik,72.7868,-56.1549,25.56,81,87,3.0,GL,1632184960
22,Torbay,47.6666,-52.7314,45.37,70,75,12.66,CA,1632185006
23,Hong Kong,22.2855,114.1577,86.05,75,93,1.88,HK,1632184879
24,Bluff,-46.6,168.3333,47.43,90,100,18.48,NZ,1632185007
25,Chokurdakh,70.6333,147.9167,32.67,56,93,9.71,RU,1632185008
26,Nikolskoye,59.7035,30.7861,42.69,81,98,6.76,RU,1632185008
27,Itarema,-2.9248,-39.9167,78.53,81,36,14.92,BR,1632185009
28,Samarai,-10.6167,150.6667,77.49,89,100,11.81,PG,1632185009
29,Vaini,-21.2,-175.2,69.96,94,75,9.22,TO,1632184941
30,Port Lincoln,-34.7333,135.8667,54.37,60,100,12.71,AU,1632185010
31,Pratāpgarh,24.0333,74.7833,72.45,97,95,9.82,IN,1632185010
32,Ushuaia,-54.8,-68.3,42.46,87,75,8.05,AR,1632184742
33,Kaberamaido,1.7389,33.1594,66.06,92,24,1.86,UG,1632185011
34,Morristown,36.214,-83.2949,72.7,78,90,6.91,US,1632184722
35,Sokol,59.4617,40.1206,34.29,83,100,9.22,RU,1632185011
36,Guerrero Negro,27.9769,-114.0611,74.03,62,0,13.53,MX,1632184824
37,Port-Cartier,50.0334,-66.8654,50.22,90,8,1.63,CA,1632184904
38,Bengkulu,-3.8004,102.2655,78.15,83,86,3.18,ID,1632184821
39,Zhuhai,22.2769,113.5678,85.78,79,40,5.75,CN,1632185012
40,Saint-Philippe,-21.3585,55.7679,65.79,72,100,12.12,RE,1632185013
41,Albany,42.6001,-73.9662,65.05,84,100,4.63,US,1632185013
42,Hamilton,39.1834,-84.5333,72.79,88,90,5.75,US,1632185014
43,Srednekolymsk,67.45,153.6833,35.96,51,24,14.85,RU,1632185014
44,Erenhot,43.6475,111.9767,55.62,62,83,8.12,CN,1632185014
45,Puerto Ayora,-0.7393,-90.3518,68.09,83,40,10.4,EC,1632185015
46,Sinnamary,5.3833,-52.95,79.23,85,22,8.01,GF,1632184881
47,Yellowknife,62.456,-114.3525,48.72,76,75,8.05,CA,1632185015
48,Florianópolis,-27.6146,-48.5012,69.03,88,75,14.97,BR,1632185016
49,Bayir,37.2687,28.2167,61.32,43,0,1.41,TR,1632185016
50,Cabedelo,-6.9811,-34.8339,74.07,73,12,12.59,BR,1632185009
51,Vasil'yevskiy Mokh,57.0132,35.919,37.69,97,100,12.37,RU,1632185017
52,Jamestown,42.097,-79.2353,74.79,78,1,13.8,US,1632184837
53,Hermanus,-34.4187,19.2345,51.69,67,34,6.91,ZA,1632184933
54,George Town,5.4112,100.3354,78.73,94,20,4.61,MY,1632184765
55,Mgachi,51.05,142.2667,59.79,63,19,5.95,RU,1632185018
56,Kalnibolotskaya,46.0058,40.4568,60.89,73,78,5.84,RU,1632185019
57,Sechura,-5.5569,-80.8222,64.4,78,9,17.18,PE,1632185019
58,Soni,-4.85,38.3667,56.95,95,10,2.17,TZ,1632185020
59,Basco,20.4487,121.9702,84.34,77,100,10.8,PH,1632184940
60,Barabinsk,55.3571,78.357,39.74,93,100,12.77,RU,1632185021
61,Bredasdorp,-34.5322,20.0403,47.52,81,16,2.3,ZA,1632184852
62,Geraldton,-28.7667,114.6,70.21,30,0,21.85,AU,1632185021
63,Jiazi,22.8779,116.067,84.81,73,11,1.23,CN,1632185022
64,Hithadhoo,-0.6,73.0833,83.39,73,100,11.7,MV,1632185022
65,Santa Maria,-29.6842,-53.8069,69.1,100,90,8.05,BR,1632185022
66,Mandalgovi,45.7625,106.2708,55.29,65,0,7.61,MN,1632185023
67,Gigmoto,13.7796,124.39,84.67,73,95,6.04,PH,1632185023
68,Khatanga,71.9667,102.5,32.4,97,100,2.26,RU,1632185024
69,Tiksi,71.6872,128.8694,35.76,72,100,8.52,RU,1632185024
70,Emerald,-23.5333,148.1667,80.74,13,5,19.57,AU,1632185025
71,Anloga,5.7947,0.8973,79.02,86,37,14.14,GH,1632185025
72,Vrangel',42.7297,133.0839,65.05,85,100,22.12,RU,1632185026
73,Dubuque,42.4833,-90.8668,79.72,65,1,17.27,US,1632184858
74,Wawa,9.9022,4.4192,75.63,87,100,5.08,NG,1632185026
75,Yulara,-25.2406,130.9889,57.04,35,6,19.57,AU,1632185027
76,Coquimbo,-29.9533,-71.3436,55.13,82,0,3.44,CL,1632185027
77,Ozinki,51.1786,49.6769,51.75,52,100,18.34,RU,1632185028
78,Eureka,40.8021,-124.1637,72.21,69,1,4.38,US,1632185028
79,Asadābād,34.7824,48.1185,60.73,27,0,4.29,IR,1632185028
80,Lata,40.1629,-8.3327,60.1,58,0,10.56,PT,1632184842
81,Saint Paul Harbor,57.79,-152.4072,52.63,64,12,17.07,US,1632185029
82,Palana,59.1167,159.9667,46.96,75,100,19.15,RU,1632185029
83,Shitkino,56.3703,98.3543,39.72,87,13,5.5,RU,1632185030
84,Atasū,48.6814,71.6433,36.73,61,5,7.31,KZ,1632185031
85,Hobart,-42.8794,147.3294,49.86,50,40,13.8,AU,1632185003
86,Barra de Tecoanapa,16.5167,-98.75,80.92,78,100,6.51,MX,1632185031
87,Pevek,69.7008,170.3133,28.4,75,93,1.43,RU,1632185032
88,Fairview,40.8126,-73.999,70.83,57,1,4.61,US,1632185032
89,Carnarvon,-24.8667,113.6333,73.47,25,0,12.66,AU,1632185033
90,Kovdor,67.5662,30.4758,30.0,95,8,5.14,RU,1632185033
91,Sukhumi,43.0033,41.0153,66.74,59,3,4.74,GE,1632185034
92,Talnakh,69.4865,88.3972,33.22,77,100,2.55,RU,1632184920
93,Byron Bay,-28.65,153.6167,71.55,62,79,12.77,AU,1632184803
94,Canavieiras,-15.675,-38.9472,72.14,89,100,2.91,BR,1632185035
95,Karlstad,59.3793,13.5036,45.16,87,90,4.61,SE,1632185035
96,Severo-Kuril'sk,50.6789,156.125,50.4,75,14,29.75,RU,1632185036
97,Butaritari,3.0707,172.7902,83.16,70,43,13.56,KI,1632185004
98,Ribeira Grande,38.5167,-28.7,70.75,73,0,13.22,PT,1632185036
99,Chui,-33.6971,-53.4616,56.03,89,92,16.53,UY,1632185037
100,Corinth,37.9407,22.9573,78.91,69,100,8.95,GR,1632184931
101,Lorengau,-2.0226,147.2712,80.69,79,99,4.99,PG,1632185037
102,Atuona,-9.8,-139.0333,77.88,71,0,19.91,PF,1632185038
103,Kapaa,22.0752,-159.319,84.18,74,90,14.97,US,1632184768
104,San Policarpo,12.1791,125.5072,82.33,78,31,5.79,PH,1632185039
105,Castro,-24.7911,-50.0119,70.77,53,18,2.73,BR,1632184983
106,Leningradskiy,69.3833,178.4167,26.67,82,86,11.88,RU,1632185039
107,Vestmannaeyjar,63.4427,-20.2734,48.94,72,100,9.66,IS,1632184850
108,Alexandria,31.2156,29.9553,80.56,78,0,6.91,EG,1632185040
109,Lebu,-37.6167,-73.65,49.59,88,0,19.51,CL,1632185040
110,San Cristobal,7.7669,-72.225,73.58,96,100,2.35,VE,1632184805
111,Cherskiy,68.75,161.3,33.42,53,57,6.93,RU,1632185041
112,Orotukan,62.2667,151.7,28.96,94,100,5.46,RU,1632185041
113,Kyrksæterøra,63.2906,9.0891,52.45,92,100,5.06,NO,1632185042
114,Ciudad Bolivar,8.1222,-63.5497,80.78,74,100,6.08,VE,1632185042
115,Dikson,73.5069,80.5464,34.99,76,97,11.1,RU,1632185043
116,Oranjestad,12.524,-70.027,84.15,70,20,12.66,AW,1632184871
117,Meadow Lake,34.8014,-106.5436,83.68,17,1,10.02,US,1632185043
118,Ponta Delgada,37.7333,-25.6667,68.72,77,20,6.91,PT,1632185044
119,Longyearbyen,78.2186,15.6401,40.84,93,75,0.0,SJ,1632185044
120,Conde,-7.2597,-34.9075,72.86,88,0,4.61,BR,1632185045
121,Wanning,18.8003,110.3967,82.09,82,69,2.35,CN,1632185045
122,Opuwo,-18.0607,13.84,68.63,27,0,6.13,NA,1632185045
123,Palmer,42.1584,-72.3287,65.01,77,20,3.44,US,1632184932
124,Katherine,-14.4667,132.2667,89.92,31,74,18.41,AU,1632185046
125,Tocopilla,-22.092,-70.1979,60.44,78,47,2.75,CL,1632185047
126,College,64.8569,-147.8028,39.15,54,75,13.8,US,1632185047
127,Merauke,-8.4667,140.3333,81.57,76,100,13.98,ID,1632185047
128,Bulawayo,-20.15,28.5833,64.38,29,7,3.6,ZW,1632185048
129,North Platte,41.1239,-100.7654,66.09,37,1,13.8,US,1632185046
130,Garoowe,8.4054,48.4845,74.66,70,32,20.8,SO,1632185048
131,Gladbeck,51.5667,6.9833,55.11,64,0,4.27,DE,1632185049
132,Belomorsk,64.5232,34.7668,36.82,77,69,3.91,RU,1632185049
133,Aden,12.7794,45.0367,84.07,84,10,6.24,YE,1632185033
134,Tuim,54.3417,89.9261,35.58,78,100,9.08,RU,1632185050
135,Avarua,-21.2078,-159.775,75.25,83,90,8.05,CK,1632184809
136,Debre Birhan,9.6833,39.5333,49.93,72,57,1.72,ET,1632185050
137,Hervey Bay,-25.2986,152.8535,77.11,41,0,15.88,AU,1632185051
138,Tasiilaq,65.6145,-37.6368,37.56,78,97,9.13,GL,1632185051
139,Qaanaaq,77.484,-69.3632,13.46,71,64,9.53,GL,1632185014
140,Tabas,33.5959,56.9244,79.68,16,0,3.29,IR,1632185052
141,Derzhavīnsk,51.1,66.3167,35.46,69,7,7.49,KZ,1632185052
142,Andenes,69.3143,16.1194,46.38,61,54,17.27,NO,1632185053
143,Saskylakh,71.9167,114.0833,32.9,91,100,5.91,RU,1632185053
144,Farah,32.5,62.5,67.96,22,0,2.75,AF,1632185054
145,Hammerfest,70.6634,23.6821,43.25,65,0,14.97,NO,1632185054
146,Bara,10.3744,10.7288,75.72,82,98,5.01,NG,1632185055
147,Bestöbe,52.4994,73.0975,37.62,94,95,10.11,KZ,1632185055
148,Alta Floresta,-9.8756,-56.0861,84.88,31,98,1.45,BR,1632185056
149,Greenfield,42.9614,-88.0126,78.46,77,20,13.8,US,1632185056
150,Port Hedland,-20.3167,118.5667,84.25,18,36,23.02,AU,1632185056
151,Itoman,26.1247,127.6694,86.02,72,20,3.44,JP,1632185057
152,Mossamedes,-15.1961,12.1522,60.93,85,9,2.91,AO,1632184979
153,Vardø,70.3705,31.1107,42.15,73,34,26.44,NO,1632184947
154,Port Macquarie,-31.4333,152.9167,62.56,39,31,15.61,AU,1632185058
155,Cap Malheureux,-19.9842,57.6142,68.49,67,48,20.13,MU,1632185058
156,Ulaangom,49.9811,92.0667,45.66,46,0,2.82,MN,1632185058
157,Clyde River,70.4692,-68.5914,29.44,71,92,6.93,CA,1632185032
158,Saint George,37.1041,-113.5841,84.79,13,1,5.75,US,1632185059
159,Takapau,-40.0333,176.35,63.18,43,65,4.45,NZ,1632185060
160,Hilo,19.7297,-155.09,80.33,65,90,9.22,US,1632184984
161,Prado,-17.3411,-39.2208,72.81,84,7,5.64,BR,1632185060
162,Ishigaki,24.3448,124.1572,84.33,84,40,8.05,JP,1632185061
163,Ketchikan,55.3422,-131.6461,54.07,94,90,9.22,US,1632185061
164,Klaksvík,62.2266,-6.589,52.72,79,100,34.99,FO,1632184841
165,Malazgirt,39.1427,42.5401,53.82,47,0,1.41,TR,1632185062
166,Aksarka,66.5606,67.7975,37.62,97,100,10.92,RU,1632185062
167,Santa Marta de Tormes,40.9506,-5.6272,44.62,93,0,0.0,ES,1632185062
168,Ponta do Sol,32.6667,-17.1,72.23,82,32,6.62,PT,1632185063
169,Tunceli,39.1083,39.5471,61.66,50,0,6.38,TR,1632185063
170,Örnsköldsvik,63.2909,18.7153,40.82,93,90,2.3,SE,1632185064
171,Xining,36.6167,101.7667,52.74,35,0,2.26,CN,1632185064
172,Constitución,-35.3333,-72.4167,51.42,78,0,8.14,CL,1632185064
173,Chu,43.5983,73.7614,53.15,31,6,2.28,KZ,1632185065
174,Pundaguitan,6.3711,126.1689,81.7,75,85,4.38,PH,1632185065
175,Ixtapa,20.7,-105.2,85.23,70,90,6.91,MX,1632185066
176,San José Iturbide,21.0,-100.3833,62.11,87,100,0.49,MX,1632184855
177,Makakilo City,21.3469,-158.0858,88.12,42,1,11.5,US,1632185067
178,Auki,-8.7676,160.7034,85.93,63,44,4.38,SB,1632185067
179,Omboué,-1.5746,9.2618,75.15,84,99,7.54,GA,1632185068
180,Saldanha,-33.0117,17.9442,44.65,69,100,15.57,ZA,1632185068
181,La Playa,18.2875,-67.1869,81.32,85,50,11.01,PR,1632185068
182,Taquari,-29.7997,-51.8644,69.6,98,17,1.63,BR,1632185069
183,Los Llanos de Aridane,28.6585,-17.9182,71.35,69,90,11.5,ES,1632185069
184,Maumere,-8.6199,122.2111,83.39,60,23,1.54,ID,1632185070
185,Ancud,-41.8697,-73.8203,44.13,85,0,6.44,CL,1632185070
186,Huarmey,-10.0681,-78.1522,62.28,84,22,10.22,PE,1632184847
187,Iquique,-20.2208,-70.1431,59.04,79,100,3.49,CL,1632185071
188,Alpena,45.0617,-83.4327,71.92,83,75,17.27,US,1632185071
189,Port Blair,11.6667,92.75,78.84,89,90,4.61,IN,1632185071
190,Bambous Virieux,-20.3428,57.7575,68.25,68,20,14.97,MU,1632185072
191,Merrill,45.1805,-89.6835,74.97,83,75,6.91,US,1632184996
192,Zhigansk,66.7697,123.3711,37.49,65,100,5.01,RU,1632185072
193,Fort Nelson,58.8053,-122.7002,58.59,47,75,9.22,CA,1632184992
194,Kotma,23.2,81.9667,74.14,91,100,3.36,IN,1632185073
195,Nānākuli,21.3906,-158.1547,89.55,42,1,11.5,US,1632185073
196,New Norfolk,-42.7826,147.0587,49.5,58,100,8.93,AU,1632185074
197,Teya,60.3778,92.6267,36.23,94,100,4.97,RU,1632185074
198,East London,-33.0153,27.9116,57.63,55,9,25.72,ZA,1632184985
199,Buraidah,26.326,43.975,77.45,18,0,5.14,SA,1632185075
200,Arraial do Cabo,-22.9661,-42.0278,71.56,94,20,20.71,BR,1632185075
201,Moengo,5.6167,-54.4,75.96,91,99,3.56,SR,1632185076
202,Skibbereen,51.55,-9.2667,57.0,87,79,1.77,IE,1632185076
203,Narsaq,60.9167,-46.05,37.62,58,0,4.92,GL,1632185076
204,Kuminskiy,58.6667,66.5667,33.87,88,100,6.13,RU,1632185077
205,Mizur,42.8531,44.0531,48.0,84,6,7.27,RU,1632185077
206,Ambilobe,-13.2,49.05,65.68,78,0,5.32,MG,1632185078
207,Kruisfontein,-34.0033,24.7314,53.96,68,81,15.73,ZA,1632184913
208,Prince Rupert,54.3161,-130.3201,56.89,97,90,16.11,CA,1632185078
209,Port Elizabeth,-33.918,25.5701,53.89,82,0,12.66,ZA,1632185079
210,Dhidhdhoo,6.8833,73.1,82.17,77,84,10.65,MV,1632185079
211,Grand Gaube,-20.0064,57.6608,68.4,67,61,20.13,MU,1632185080
212,Mathathane,-22.2687,28.7495,70.41,34,54,6.93,BW,1632185080
213,Taoudenni,22.6783,-3.9836,95.79,9,0,11.63,ML,1632185081
214,Hualmay,-11.0964,-77.6139,61.2,82,36,10.58,PE,1632185081
215,Kaitangata,-46.2817,169.8464,54.73,70,100,2.01,NZ,1632185063
216,Norman Wells,65.282,-126.8329,57.24,44,75,14.97,CA,1632185037
217,Slavyanka,42.8633,131.3847,65.73,96,100,21.61,RU,1632185082
218,Natal,-5.795,-35.2094,77.65,78,0,9.22,BR,1632184898
219,Baillif,16.0202,-61.7463,76.5,72,15,5.48,GP,1632185083
220,Lakes Entrance,-37.8811,147.981,52.16,60,55,18.99,AU,1632185083
221,Faanui,-16.4833,-151.75,78.31,72,5,12.03,PF,1632185083
222,Lompoc,34.6391,-120.4579,84.34,64,1,11.5,US,1632185084
223,Nishihara,26.1842,127.7558,85.28,74,20,0.0,JP,1632185084
224,Borogontsy,62.6683,131.1683,41.9,66,6,4.16,RU,1632185085
225,Pokhara,28.2333,83.9833,70.25,88,66,1.63,NP,1632185085
226,Turukhansk,65.8167,87.9833,34.68,93,97,9.22,RU,1632185086
227,Storm Lake,42.6411,-95.2097,62.29,77,90,12.66,US,1632185087
228,Matara,5.9485,80.5353,78.06,87,99,7.31,LK,1632185087
229,Zhenhaicun,24.2582,118.0905,84.88,77,2,6.82,CN,1632185087
230,Kieta,-6.2167,155.6333,80.74,77,100,3.04,PG,1632185019
231,Cervo,43.6702,-7.4101,62.53,82,36,11.86,ES,1632185088
232,Bethel,41.3712,-73.414,68.36,68,1,0.0,US,1632184834
233,Kurumkan,54.3,110.3,53.02,91,100,0.74,RU,1632185089
234,Koplik,42.2136,19.4364,65.8,70,100,3.04,AL,1632185089
235,Manavālakurichi,8.1333,77.3,78.89,88,93,11.59,IN,1632185089
236,Tacoronte,28.4769,-16.4102,67.14,88,90,16.11,ES,1632185090
237,Lander,42.833,-108.7307,52.61,50,90,13.8,US,1632185058
238,Broken Hill,-31.95,141.4333,49.71,46,40,21.85,AU,1632184832
239,Saint-Pierre,-21.3393,55.4781,65.88,72,75,8.05,RE,1632184842
240,Lerwick,60.1545,-1.1494,53.6,79,100,21.92,GB,1632185091
241,Altamont,42.2068,-121.7372,71.44,24,1,5.75,US,1632185091
242,Necochea,-38.5473,-58.7368,46.83,80,0,10.78,AR,1632184890
243,Evensk,61.95,159.2333,45.34,86,100,18.14,RU,1632185092
244,Ugoofaaru,5.6667,73.0,82.06,76,99,10.65,MV,1632185092
245,Tura,25.5198,90.2201,73.08,94,96,3.02,IN,1632184810
246,Durham,36.0335,-78.8664,76.26,73,90,8.05,US,1632184873
247,Richards Bay,-28.783,32.0377,66.49,76,100,15.93,ZA,1632185093
248,Bethal,-26.4579,29.4655,52.59,28,0,5.17,ZA,1632185094
249,San Andrés,12.5847,-81.7006,82.42,83,20,6.91,CO,1632184806
250,São Sebastião do Passé,-12.5125,-38.4953,78.35,94,100,2.48,BR,1632185095
251,Puerto Escondido,15.85,-97.0667,85.03,61,75,0.0,MX,1632185095
252,Sussex,41.1834,-74.6663,69.28,88,1,0.0,US,1632185095
253,Codrington,-38.2667,141.9667,52.29,64,95,16.55,AU,1632185096
254,Copalillo,18.0333,-99.1167,71.74,82,50,2.3,MX,1632185096
255,Vila Franca do Campo,37.7167,-25.4333,68.41,80,75,9.46,PT,1632185097
256,Thompson,55.7435,-97.8558,48.36,66,40,6.91,CA,1632184801
257,Olafsvik,64.8945,-23.7142,44.58,70,100,4.52,IS,1632185097
258,Linjiang,41.8069,126.9078,67.37,75,100,3.91,CN,1632185098
259,Pandan,14.0453,124.1694,84.6,72,97,4.72,PH,1632185098
260,San Luis de Gaceno,4.8205,-73.1685,72.86,94,49,4.56,CO,1632185098
261,Ordzhonīkīdze,52.4411,61.7408,35.22,70,100,6.31,KZ,1632185099
262,Dunedin,-45.8742,170.5036,53.15,76,100,7.67,NZ,1632185099
263,Maués,-3.3836,-57.7186,75.51,89,99,2.37,BR,1632185100
264,Rensvik,63.1,7.8167,53.26,87,90,3.44,NO,1632185100
265,Kasongo-Lunda,-6.4667,16.8167,77.02,57,49,1.03,CD,1632185101
266,Alofi,-19.0595,-169.9187,73.29,94,90,6.91,NU,1632185101
267,Lima,-12.0432,-77.0282,59.25,77,0,13.8,PE,1632184807
268,Shahrud,36.4182,54.9763,68.68,41,0,5.32,IR,1632185104
269,Aklavik,68.2191,-135.0107,48.92,74,100,15.05,CA,1632185104
270,Port Hawkesbury,45.6169,-61.3485,58.59,81,1,3.44,CA,1632185104
271,Umm Kaddadah,13.6017,26.6876,83.12,50,100,14.9,SD,1632185105
272,Sur,22.5667,59.5289,83.86,67,1,6.87,OM,1632185105
273,Gōtsuchō,35.0,132.2167,78.94,61,8,8.34,JP,1632185106
274,Kununurra,-15.7667,128.7333,91.38,25,14,20.71,AU,1632185045
275,Danjiangkou,32.5428,111.5086,75.24,63,0,8.34,CN,1632185106
276,Miercurea-Ciuc,46.35,25.8,40.64,97,79,5.03,RO,1632185107
277,Assens,55.2702,9.9008,51.69,72,100,3.27,DK,1632185107
278,Rundu,-17.9333,19.7667,72.23,28,3,3.69,NA,1632185107
279,Vazante,-17.9869,-46.9078,84.18,27,93,2.24,BR,1632185108
280,Erzurum Province,40.0,41.5,40.68,68,0,3.38,TR,1632185108
281,Zunyi,27.6867,106.9072,70.47,77,0,2.1,CN,1632185109
282,Nanortalik,60.1432,-45.2371,37.33,71,2,12.97,GL,1632185109
283,Portland,45.5234,-122.6762,73.44,49,20,6.91,US,1632184653
284,Ati,13.2154,18.3353,82.06,66,100,5.82,TD,1632185110
285,Namwala,-15.7504,26.4384,66.78,36,0,3.65,ZM,1632185110
286,Sambava,-14.2667,50.1667,70.45,77,78,11.01,MG,1632185111
287,Cayenne,4.9333,-52.3333,77.04,94,0,0.0,GF,1632185111
288,Whitehorse,60.7161,-135.0538,43.57,87,90,12.66,CA,1632185111
289,Gijang,35.2442,129.2139,80.33,89,100,18.39,KR,1632185112
290,Mareeba,-17.0,145.4333,75.92,26,23,8.01,AU,1632185112
291,Zhalantun,48.0,122.7167,52.3,75,100,7.83,CN,1632185113
292,Christchurch,-43.5333,172.6333,68.2,40,40,9.22,NZ,1632184935
293,Quelimane,-17.8786,36.8883,60.75,94,0,0.0,MZ,1632185113
294,Agadir,30.4202,-9.5982,66.65,86,12,4.56,MA,1632185114
295,Rosario,-32.9468,-60.6393,62.51,63,0,13.8,AR,1632184965
296,Ammon,43.4696,-111.9666,55.9,44,20,9.22,US,1632185114
297,Lakefield,43.6775,-95.1717,62.08,77,75,8.05,US,1632185115
298,Nongpoh,25.9,91.8833,74.77,92,83,0.94,IN,1632185115
299,Surin,14.8818,103.4936,75.58,92,100,4.47,TH,1632185116
300,Ginda,30.6945,78.4932,64.72,91,96,1.07,IN,1632184910
301,Egvekinot,66.3167,-179.1667,27.54,61,17,5.53,RU,1632185117
302,Gerāsh,27.6652,54.1371,75.34,51,5,2.17,IR,1632185117
303,Bathsheba,13.2167,-59.5167,83.01,74,40,11.5,BB,1632184905
304,Krasnosel'kup,65.7,82.4667,29.12,85,75,13.76,RU,1632185118
305,Bac Lieu,9.285,105.7244,82.08,76,100,6.4,VN,1632185118
306,Pasni,25.2631,63.471,79.56,90,7,12.5,PK,1632185118
307,Kawalu,-7.3817,108.2082,76.17,76,74,1.61,ID,1632184903
308,Mariinsk,56.2139,87.7472,36.07,90,100,10.56,RU,1632185119
309,Jiuquan,39.7432,98.5174,69.12,19,96,0.54,CN,1632185119
310,Hambantota,6.1241,81.1185,77.34,100,40,5.75,LK,1632185120
311,São Félix do Xingu,-6.6447,-51.995,85.24,33,97,0.87,BR,1632185120
312,Pacific Grove,36.6177,-121.9166,90.0,36,1,5.75,US,1632185098
313,Salalah,17.0151,54.0924,80.69,83,75,4.61,OM,1632185121
314,Tomaszów Lubelski,50.4477,23.4162,42.49,84,100,12.48,PL,1632185121
315,Portree,57.4129,-6.1942,51.33,96,100,7.38,GB,1632185122
316,Sumbuya,7.6467,-11.9611,74.07,96,100,1.79,SL,1632185122
317,Vila Velha,-20.3297,-40.2925,73.35,88,40,4.61,BR,1632185123
318,Port-Gentil,-0.7193,8.7815,76.95,84,94,13.04,GA,1632185123
319,Bubaque,11.2833,-15.8333,81.21,82,97,10.4,GW,1632185124
320,Vestmanna,62.1564,-7.1664,50.92,82,75,28.77,FO,1632185124
321,Kudahuvadhoo,2.6708,72.8944,82.11,75,32,10.13,MV,1632185125
322,Hofn,64.2539,-15.2082,48.51,62,100,10.25,IS,1632185125
323,Naryan-Mar,67.6713,53.087,39.99,84,100,13.02,RU,1632184844
324,Iqaluit,63.7506,-68.5145,31.73,74,90,10.36,CA,1632185126
325,Biu,10.6129,12.1946,69.21,90,100,5.61,NG,1632185127
326,Nuevo Progreso,23.1667,-97.95,81.12,81,7,10.98,MX,1632185127
327,Carutapera,-1.195,-46.02,78.13,79,31,7.23,BR,1632185127
328,Iberia,29.9502,-91.7507,82.47,83,1,4.61,US,1632184867
329,Provideniya,64.3833,-173.3,32.11,80,90,2.24,RU,1632185128
330,Zilupe,56.3862,28.1217,38.5,98,100,8.12,LV,1632185129
331,Pascagoula,30.3658,-88.5561,82.42,78,20,3.44,US,1632185129
332,Vangaindrano,-23.35,47.6,66.15,90,95,5.86,MG,1632185130
333,Diamantino,-14.4086,-56.4461,82.36,21,12,5.23,BR,1632185130
334,Erfurt,50.9833,11.0333,42.42,87,0,5.75,DE,1632184837
335,Makkah al Mukarramah,21.4267,39.8261,91.47,15,9,6.96,SA,1632185131
336,Mahébourg,-20.4081,57.7,68.29,68,20,14.97,MU,1632184838
337,Pagudpud,18.5616,120.7868,82.36,69,79,1.34,PH,1632185132
338,Airai,-8.9266,125.4092,73.47,31,46,5.84,TL,1632185132
339,Chinsali,-10.5414,32.0816,63.57,56,0,6.38,ZM,1632185132
340,Shatoy,42.8714,45.6886,56.23,78,0,5.5,RU,1632185133
341,Severodvinsk,64.5635,39.8302,37.51,89,7,4.45,RU,1632185133
342,Fakel,57.6325,53.0252,34.05,83,91,3.89,RU,1632185134
343,Visby,57.6409,18.296,41.22,81,20,3.44,SE,1632185134
344,Khovd,48.0056,91.6419,47.26,24,2,6.38,MN,1632185134
345,Lewistown,40.5992,-77.5714,69.21,77,20,3.44,US,1632185135
346,Rawlins,41.7911,-107.2387,52.02,32,75,14.97,US,1632185135
347,Margate,51.3813,1.3862,53.46,86,59,7.02,GB,1632185136
348,Maniitsoq,65.4167,-52.9,32.76,58,35,5.77,GL,1632185136
349,Souillac,-20.5167,57.5167,68.38,68,20,14.97,MU,1632185137
350,Dingle,10.9995,122.6711,80.4,84,100,2.86,PH,1632184856
351,Östersund,63.1792,14.6357,41.45,87,90,14.97,SE,1632185137
352,Dharmanagar,24.3667,92.1667,74.68,94,100,1.95,IN,1632185138
353,Praia da Vitória,38.7333,-27.0667,70.05,83,40,12.95,PT,1632185138
354,Kumul,42.8,93.45,73.65,29,90,4.36,CN,1632185139
355,Goderich,43.7501,-81.7165,73.72,68,100,11.5,CA,1632185048
356,Dawei,14.0833,98.2,75.81,95,100,2.06,MM,1632185139
357,Aldan,58.6031,125.3894,44.42,73,1,3.36,RU,1632185140
358,Daru,-9.0763,143.2092,78.78,89,100,15.43,PG,1632185140
359,Cheyenne,41.14,-104.8203,48.34,71,90,18.41,US,1632185104
360,Sarkand,45.41,79.9186,47.46,34,99,3.18,KZ,1632185141
361,Māngrol,21.1167,70.1167,79.95,88,100,12.15,IN,1632185142
362,Kisanga,-7.4362,37.7034,69.13,89,4,1.9,TZ,1632185142
363,Half Moon Bay,37.4636,-122.4286,91.22,23,1,0.0,US,1632184964
364,Katangli,51.7102,143.2326,57.85,57,0,6.93,RU,1632185143
365,Rome,34.257,-85.1647,72.9,94,90,5.75,US,1632184990
366,Ocumare del Tuy,10.1165,-66.7761,77.13,95,77,1.28,VE,1632185144
367,Waihi,-37.3833,175.8333,62.55,51,2,4.76,NZ,1632185144
368,Waddān,29.1614,16.139,83.98,22,0,12.64,LY,1632185145
369,Northam,51.0333,-4.2167,51.42,86,24,4.88,GB,1632185145
370,Lüderitz,-26.6481,15.1594,58.1,60,0,15.48,NA,1632184925
371,Laas,46.6166,10.7002,56.28,93,76,3.0,IT,1632185146
372,Aksha,50.2814,113.2867,56.44,84,100,3.49,RU,1632185146
373,Faya,18.3851,42.4509,64.51,32,0,6.85,SA,1632185147
374,Kahului,20.8947,-156.47,87.82,45,40,28.77,US,1632184961
375,Kismayo,-0.3582,42.5454,76.5,82,19,14.79,SO,1632185147
376,Çermik,38.1361,39.4493,64.89,36,0,5.19,TR,1632185148
377,Leshukonskoye,64.8989,45.7622,31.17,94,14,1.5,RU,1632185148
378,Eltham,-39.4292,174.3,60.67,52,11,7.87,NZ,1632185148
379,Atar,20.5169,-13.0499,89.73,29,0,13.49,MR,1632185149
380,Mwinilunga,-11.7358,24.4293,60.91,24,6,3.71,ZM,1632185149
381,Kuching,1.55,110.3333,79.02,89,40,3.44,MY,1632185150
382,Ahipara,-35.1667,173.1667,61.88,64,31,8.79,NZ,1632185150
383,Lieksa,63.3167,30.0167,34.57,88,100,7.76,FI,1632185151
384,Frontera,26.9333,-101.45,91.33,25,0,11.03,MX,1632185151
385,Karabük,41.2049,32.6277,65.91,71,8,2.06,TR,1632185152
386,Kidal,18.4411,1.4078,89.8,10,0,3.76,ML,1632185152
387,Namatanai,-3.6667,152.4333,84.58,67,100,4.29,PG,1632185030
388,Kavieng,-2.5744,150.7967,83.89,68,100,4.56,PG,1632185153
389,Terracina,41.2863,13.2217,69.46,74,0,5.41,IT,1632185153
390,Pierre,44.3683,-100.351,63.52,45,75,9.22,US,1632184889
391,Nuuk,64.1835,-51.7216,34.41,75,75,4.61,GL,1632185154
392,Quatre Cocos,-20.2078,57.7625,68.11,67,58,15.05,MU,1632184892
393,Nizhniy Kuranakh,58.8353,125.4869,44.51,69,1,4.41,RU,1632185155
394,Mahabalipuram,12.6264,80.1722,80.65,76,88,11.56,IN,1632185156
395,Qui Nhon,13.7667,109.2333,79.63,81,100,4.14,VN,1632185156
396,Galveston,29.3669,-94.9669,89.71,66,1,10.36,US,1632185156
397,Atbasar,51.8,68.3333,33.31,80,10,6.78,KZ,1632185157
398,Cabo San Lucas,22.8909,-109.9124,83.5,76,99,7.47,MX,1632185134
399,Sakakah,29.9697,40.2064,81.97,20,0,9.89,SA,1632185158
400,Matata,-37.8833,176.75,61.23,56,1,11.59,NZ,1632185158
401,Alice Springs,-23.7,133.8833,56.75,38,0,18.41,AU,1632184999
402,Huangmei,30.1924,116.025,77.22,66,0,4.12,CN,1632185159
403,Houma,29.5958,-90.7195,82.4,83,40,8.05,US,1632185159
404,Koygorodok,60.445,50.9968,28.81,95,7,2.24,RU,1632185160
405,Te Anau,-45.4167,167.7167,44.56,96,100,3.56,NZ,1632185160
406,Salinópolis,-0.6136,-47.3561,80.67,74,88,12.15,BR,1632185161
407,Shubarkuduk,49.1447,56.4872,50.02,32,100,10.11,KZ,1632185161
408,La Curva,12.4048,121.0459,82.67,75,23,4.29,PH,1632185161
409,Mana,5.6592,-53.7767,79.38,84,46,8.84,GF,1632185162
410,San Quintín,30.4833,-115.95,71.17,71,0,7.78,MX,1632185162
411,Avera,33.194,-82.5271,74.71,97,100,10.65,US,1632185163
412,Roald,62.5833,6.1333,53.74,87,20,17.27,NO,1632185163
413,Fortuna,40.5982,-124.1573,71.94,59,20,9.22,US,1632185164
414,Reitz,-27.8014,28.4273,47.71,27,2,6.46,ZA,1632185164
415,Mount Isa,-20.7333,139.5,69.57,14,49,28.77,AU,1632185165
416,Belmonte,-15.8631,-38.8828,75.7,86,77,4.52,BR,1632185020
417,Aquiraz,-3.9014,-38.3911,80.69,80,67,12.28,BR,1632185165
418,Karratha,-20.7377,116.8463,81.3,24,100,30.24,AU,1632185166
419,Paamiut,61.994,-49.6678,34.5,63,4,20.96,GL,1632185166
420,Jiaojiang,28.6803,121.4428,79.7,87,65,4.52,CN,1632185167
421,Saint Anthony,45.0205,-93.218,62.92,82,90,13.8,US,1632185167
422,Rio Branco,-9.9747,-67.81,83.01,69,20,2.3,BR,1632185168
423,Saint-Louis,16.3333,-15.0,85.64,48,0,13.02,SN,1632185168
424,Along,28.1667,94.7667,75.13,88,26,0.89,IN,1632185169
425,Yomou,7.5603,-9.2653,68.77,99,100,1.95,GN,1632185169
426,Blacksburg,37.2296,-80.4139,69.96,100,75,9.22,US,1632185170
427,Lethem,3.3803,-59.7968,77.09,82,100,5.28,GY,1632184897
428,Seryshevo,51.0933,128.3786,56.59,63,100,4.76,RU,1632185170
429,Sørland,67.667,12.6934,48.22,72,100,25.88,NO,1632185171
430,Havre-St-Pierre,50.2334,-63.5986,52.16,87,90,4.61,CA,1632185171
431,Qasigiannguit,68.8193,-51.1922,28.65,89,100,5.01,GL,1632185172
432,Harper,4.375,-7.7169,76.05,89,12,7.29,LR,1632185173
433,St. George's,12.0564,-61.7485,82.08,83,20,11.5,GD,1632185173
434,Magdalena,14.1999,121.429,83.71,75,100,5.39,PH,1632185173
435,Edd,13.9297,41.6925,87.58,61,95,3.89,ER,1632185174
436,Nouakchott,18.0858,-15.9785,87.73,65,1,21.03,MR,1632184992
437,Celestún,20.8667,-90.4,82.4,81,20,16.58,MX,1632185174
438,Baranchinskiy,58.1617,59.6991,30.33,92,6,3.38,RU,1632185175
439,Cururupu,-1.8283,-44.8683,75.38,87,67,4.14,BR,1632185175
440,Hörbranz,47.55,9.75,49.73,100,90,1.14,AT,1632185176
441,Sikandarpur,26.05,84.05,78.87,88,16,5.88,IN,1632185176
442,Solnechnyy,50.7214,136.6319,58.71,52,78,4.03,RU,1632185177
443,Severobaykal'sk,55.65,109.3167,54.5,68,96,3.89,RU,1632185177
444,Gamba,-2.65,10.0,74.07,85,100,6.51,GA,1632185178
445,Erzin,36.9559,36.2,74.12,80,0,2.1,TR,1632185178
446,São Gabriel da Cachoeira,-0.1303,-67.0892,78.75,76,95,2.3,BR,1632185178
447,Lavrentiya,65.5833,-171.0,36.7,58,45,5.28,RU,1632185179
448,Tinskoy,56.1525,96.9161,39.18,84,21,6.13,RU,1632185179
449,Karakol,42.4907,78.3936,52.45,42,0,3.04,KG,1632185180
450,Kindu,-2.95,25.95,70.79,89,95,1.86,CD,1632185180
451,Yacuiba,-22.038,-63.6797,70.9,55,100,9.28,BO,1632185181
452,Westport,41.1415,-73.3579,69.94,64,1,8.05,US,1632185181
453,Berlevåg,70.8578,29.0864,40.1,74,40,26.8,NO,1632185182
454,Neiafu,-18.65,-173.9833,81.28,65,40,10.36,TO,1632185182
455,Ambrolauri,42.5211,43.1622,54.3,88,8,5.3,GE,1632185182
456,Buritis,-15.6178,-46.4233,81.73,31,14,0.89,BR,1632185067
457,Nāthdwāra,24.9333,73.8167,76.19,87,41,5.06,IN,1632185183
458,San Rafael,-34.6177,-68.3301,57.69,37,26,8.08,AR,1632185184
459,Pauri,30.15,78.7833,64.72,94,62,3.0,IN,1632185184
460,Touros,-5.1989,-35.4608,77.9,73,32,15.99,BR,1632185184
461,Plouzané,48.3833,-4.6167,57.25,94,0,4.61,FR,1632185185
462,Manacapuru,-3.2997,-60.6206,77.58,78,56,4.52,BR,1632185185
463,Kamensk-Ural'skiy,56.4185,61.9329,30.29,92,12,5.06,RU,1632185186
464,Bima,-8.4667,118.7167,88.86,47,80,3.2,ID,1632185186
465,Elizabeth City,36.2946,-76.2511,75.25,78,1,6.91,US,1632185154
466,Hobyo,5.3505,48.5268,76.55,87,16,18.77,SO,1632184892
467,Asău,46.4333,26.4,45.52,92,98,0.92,RO,1632185187
468,Ambon City,-3.6954,128.1814,80.74,94,20,2.3,ID,1632184994
469,Tautira,-17.7333,-149.15,84.22,72,18,13.27,PF,1632185188
470,Tsiroanomandidy,-18.7667,46.0333,63.55,67,87,4.21,MG,1632185188
471,Isangel,-19.55,169.2667,77.23,55,3,12.62,VU,1632185188
472,Kota Kinabalu,5.9749,116.0724,73.38,100,40,8.05,MY,1632185189
473,Padang,-0.9492,100.3543,77.05,83,40,2.53,ID,1632185189
474,Sitka,57.0531,-135.33,57.09,82,75,14.97,US,1632185190
475,Bluefield,37.2698,-81.2223,69.3,68,20,4.61,US,1632184898
476,Aleksandrov Gay,50.147,48.5704,57.15,39,96,16.28,RU,1632185190
477,São José da Coroa Grande,-8.8978,-35.1478,74.23,75,12,6.64,BR,1632185191
478,Kenai,60.5544,-151.2583,53.69,54,20,14.97,US,1632185191
479,Bunia,1.5667,30.25,62.02,89,93,2.08,CD,1632185191
480,Balabac,7.9868,117.0645,82.04,75,100,7.72,PH,1632185192
481,Gympie,-26.1898,152.665,76.26,23,0,13.76,AU,1632184912
482,Lubliniec,50.669,18.6844,37.89,68,76,4.16,PL,1632185193
483,Saint-Joseph,-21.3667,55.6167,64.78,72,100,12.77,RE,1632185193
484,North Bend,43.4065,-124.2243,66.11,63,1,20.71,US,1632185193
485,Nueva Loja,0.0847,-76.8828,76.62,77,100,1.23,EC,1632185194
486,San Ignacio,17.1561,-89.0714,78.94,94,75,4.61,BZ,1632185194
487,Chara,56.9064,118.2631,54.1,56,11,1.21,RU,1632185195
488,Ust-Tsilma,65.441,52.1498,31.68,96,100,4.59,RU,1632185195
489,Indramayu,-6.3264,108.32,81.82,61,99,6.98,ID,1632185180
490,Rønne,55.1009,14.7066,48.11,87,90,3.44,DK,1632185196
491,Muros,42.7762,-9.0603,59.5,79,3,13.82,ES,1632185196
492,Bonavista,48.6499,-53.1147,35.6,66,5,19.17,CA,1632185196
493,Rio Grande,-32.035,-52.0986,66.31,94,99,18.32,BR,1632185197
494,Zhangaözen,43.3,52.8,65.57,21,100,13.2,KZ,1632185184
495,Marzuq,14.4,46.4667,76.21,64,100,4.83,YE,1632185198
496,Aksay,47.26,39.87,59.22,65,99,2.8,RU,1632185198
497,Laguna,38.421,-121.4238,93.29,14,1,5.75,US,1632185198
498,Camacha,33.0833,-16.3333,69.22,68,40,10.36,PT,1632184932
499,Qaqortoq,60.7167,-46.0333,37.9,65,0,4.18,GL,1632185199
500,Poum,-20.2333,164.0167,72.7,64,16,20.18,NC,1632185199
501,Beloha,-25.1667,45.05,62.47,72,0,7.56,MG,1632185200
502,Gao,16.6362,1.637,88.93,35,7,11.32,ML,1632185200
503,Kashgar,39.4547,75.9797,70.81,12,0,6.71,CN,1632185201
504,Nyurba,63.2842,118.3319,39.09,56,100,9.08,RU,1632185196
505,Huaicheng,23.9051,112.1931,84.87,73,16,0.04,CN,1632185201
506,Nicoya,10.1483,-85.452,81.95,89,94,2.66,CR,1632185202
507,Tessalit,20.1986,1.0114,90.09,10,0,7.16,ML,1632185202
508,Nkoteng,4.5167,12.0333,69.35,99,100,2.91,CM,1632185203
509,Regente Feijó,-22.2214,-51.3028,83.48,28,0,6.91,BR,1632185203
510,Ola,59.5833,151.2833,46.96,69,100,12.08,RU,1632185203
511,Puri,19.8,85.85,79.32,87,100,12.46,IN,1632185204
512,Shirvan,39.9509,48.8994,69.57,71,0,2.04,AZ,1632185204
513,Mount Gambier,-37.8333,140.7667,51.71,66,90,14.97,AU,1632185205
514,Deputatsky,69.3,139.9,26.56,67,97,4.88,RU,1632185205
515,Hay River,60.8156,-115.7999,51.78,76,75,4.61,CA,1632184939
516,Galle,6.0367,80.217,79.25,84,87,8.37,LK,1632185037
517,Rupert,42.6191,-113.6772,60.75,36,1,12.66,US,1632185155
518,Molodizhne,48.1773,32.6601,47.88,85,53,8.03,UA,1632185206
519,Kautokeino,69.0125,23.0412,31.37,92,10,18.86,NO,1632185206
520,Yamada,39.4667,141.95,72.88,63,0,11.18,JP,1632185207
521,Iskateley,67.6803,53.1512,40.01,84,100,12.95,RU,1632185207
522,Pedernales,18.0384,-71.744,81.61,74,0,2.82,DO,1632185208
523,Tiarei,-17.5333,-149.3333,84.22,72,8,12.64,PF,1632185208
524,Caledon,-34.23,19.4265,43.54,77,0,3.85,ZA,1632185209
525,Bayjī,34.9311,43.487,80.85,23,0,8.1,IQ,1632185209
526,Santa Cruz de la Sierra,-17.8,-63.1667,81.86,65,84,5.75,BO,1632185090
527,Manggar,-2.8833,108.2667,83.68,68,94,12.33,ID,1632185210
528,Gravdal,68.1214,13.5031,47.32,66,100,22.68,NO,1632185210
529,Azacualpa,15.3433,-88.5514,84.83,99,25,1.45,HN,1632185210
530,Bambanglipuro,-7.95,110.2833,79.63,76,100,4.72,ID,1632185211
531,Tuatapere,-46.1333,167.6833,46.24,94,100,3.62,NZ,1632185211
532,Goba,7.0167,39.9833,51.91,96,100,2.68,ET,1632185212
533,Fairbanks,64.8378,-147.7164,39.16,54,90,5.75,US,1632185187
534,Palmas,-10.2128,-48.3603,87.67,35,0,4.61,BR,1632185212
535,Agüimes,27.9054,-15.4461,70.43,68,20,13.8,ES,1632185213
536,Forquilhinha,-28.7475,-49.4722,68.5,98,18,2.3,BR,1632185213
537,Acaraú,-2.8856,-40.12,78.55,82,45,16.06,BR,1632185214
538,São Filipe,14.8961,-24.4956,80.15,84,99,6.93,CV,1632185214
539,Klyuchi,52.2667,79.1667,34.18,88,57,7.83,RU,1632185215
540,Miguel Hidalgo,19.4225,-99.2028,67.41,52,75,4.61,MX,1632185215
541,Caravelas,-17.7125,-39.2481,72.05,84,5,4.41,BR,1632185216
542,Meulaboh,4.1363,96.1285,77.41,83,99,1.83,ID,1632185216
543,Akhaldaba,41.654,42.1516,57.76,72,0,4.88,GE,1632185216
544,Tarko-Sale,64.9225,77.785,32.86,87,100,13.53,RU,1632185217
545,Gardez,33.5974,69.2259,57.51,70,0,2.91,AF,1632185217
546,Bogovina,43.895,21.9403,52.84,94,100,4.92,RS,1632185218
547,Manoel Urbano,-8.8389,-69.2597,77.11,73,5,2.19,BR,1632185218
548,Aginskoye,51.1,114.53,54.93,82,99,7.38,RU,1632185218
549,Kisesa,-3.0833,34.15,70.21,58,0,2.73,TZ,1632185219
